"2","Ervin Howell","{'userId': 2, 'id': 21, 'title': 'suscipit repellat esse quibusdam voluptatem incidunt', 'completed': False}"
"2","Ervin Howell","{'userId': 2, 'id': 22, 'title': 'distinctio vitae autem nihil ut molestias quo', 'completed': True}"
"2","Ervin Howell","{'userId': 2, 'id': 23, 'title': 'et itaque necessitatibus maxime molestiae qui quas velit', 'completed': False}"
"2","Ervin Howell","{'userId': 2, 'id': 24, 'title': 'adipisci non ad dicta qui amet quaerat doloribus ea', 'completed': False}"
"2","Ervin Howell","{'userId': 2, 'id': 25, 'title': 'voluptas quo tenetur perspiciatis explicabo natus', 'completed': True}"
"2","Ervin Howell","{'userId': 2, 'id': 26, 'title': 'aliquam aut quasi', 'completed': True}"
"2","Ervin Howell","{'userId': 2, 'id': 27, 'title': 'veritatis pariatur delectus', 'completed': True}"
"2","Ervin Howell","{'userId': 2, 'id': 28, 'title': 'nesciunt totam sit blanditiis sit', 'completed': False}"
"2","Ervin Howell","{'userId': 2, 'id': 29, 'title': 'laborum aut in quam', 'completed': False}"
"2","Ervin Howell","{'userId': 2, 'id': 30, 'title': 'nemo perspiciatis repellat ut dolor libero commodi blanditiis omnis', 'completed': True}"
"2","Ervin Howell","{'userId': 2, 'id': 31, 'title': 'repudiandae totam in est sint facere fuga', 'completed': False}"
"2","Ervin Howell","{'userId': 2, 'id': 32, 'title': 'earum doloribus ea doloremque quis', 'completed': False}"
"2","Ervin Howell","{'userId': 2, 'id': 33, 'title': 'sint sit aut vero', 'completed': False}"
"2","Ervin Howell","{'userId': 2, 'id': 34, 'title': 'porro aut necessitatibus eaque distinctio', 'completed': False}"
"2","Ervin Howell","{'userId': 2, 'id': 35, 'title': 'repellendus veritatis molestias dicta incidunt', 'completed': True}"
"2","Ervin Howell","{'userId': 2, 'id': 36, 'title': 'excepturi deleniti adipisci voluptatem et neque optio illum ad', 'completed': True}"
"2","Ervin Howell","{'userId': 2, 'id': 37, 'title': 'sunt cum tempora', 'completed': False}"
"2","Ervin Howell","{'userId': 2, 'id': 38, 'title': 'totam quia non', 'completed': False}"
"2","Ervin Howell","{'userId': 2, 'id': 39, 'title': 'doloremque quibusdam asperiores libero corrupti illum qui omnis', 'completed': False}"
"2","Ervin Howell","{'userId': 2, 'id': 40, 'title': 'totam atque quo nesciunt', 'completed': True}"
